sample_id,hand_name,hdr_name,jewelry_name,method,pred_path,gt_path,mask_path,masked_lpips,masked_ssim,masked_psnr,mask_pixels,crop_h,crop_w
young-hand_rotate|cinema_hall_4k|young-hand_ch-gladysiewski_gold|composite,young-hand_rotate,cinema_hall_4k,young-hand_ch-gladysiewski_gold,composite,./his2/young-hand_rotate/cinema_hall_4k/young-hand_ch-gladysiewski_gold_composite.png,./his2/young-hand_rotate/cinema_hall_4k/young-hand_ch-gladysiewski_gold_gt.png,./restore2/young-hand_rotate/cinema_hall_4k/young-hand_ch-gladysiewski_gold/cinema_hall_4k_059_mask_restored.png,0.15392769873142242,0.36010003089904785,4.153963805190263,1853,73,110
young-hand_rotate|cinema_hall_4k|young-hand_ch-gladysiewski_gold|diffusion,young-hand_rotate,cinema_hall_4k,young-hand_ch-gladysiewski_gold,diffusion,./restore2/young-hand_rotate/cinema_hall_4k/young-hand_ch-gladysiewski_gold/cinema_hall_4k_059_restored.png,./his2/young-hand_rotate/cinema_hall_4k/young-hand_ch-gladysiewski_gold_gt.png,./restore2/young-hand_rotate/cinema_hall_4k/young-hand_ch-gladysiewski_gold/cinema_hall_4k_059_mask_restored.png,0.1299849897623062,0.5084125399589539,10.696858056694204,1853,73,110
young-hand_rotate|cinema_hall_4k|young-hand_ch-gladysiewski_gold|hist,young-hand_rotate,cinema_hall_4k,young-hand_ch-gladysiewski_gold,hist,./his2/young-hand_rotate/cinema_hall_4k/young-hand_ch-gladysiewski_gold_hist.png,./his2/young-hand_rotate/cinema_hall_4k/young-hand_ch-gladysiewski_gold_gt.png,./restore2/young-hand_rotate/cinema_hall_4k/young-hand_ch-gladysiewski_gold/cinema_hall_4k_059_mask_restored.png,0.10423516482114792,0.4624277651309967,7.704937365221979,1853,73,110
young-hand_rotate|cinema_hall_4k|young-hand_ch-gladysiewski_silver|composite,young-hand_rotate,cinema_hall_4k,young-hand_ch-gladysiewski_silver,composite,./his2/young-hand_rotate/cinema_hall_4k/young-hand_ch-gladysiewski_silver_composite.png,./his2/young-hand_rotate/cinema_hall_4k/young-hand_ch-gladysiewski_silver_gt.png,./restore2/young-hand_rotate/cinema_hall_4k/young-hand_ch-gladysiewski_silver/cinema_hall_4k_059_mask_restored.png,0.1881103217601776,0.36021625995635986,2.9112172023866356,1853,73,110
young-hand_rotate|cinema_hall_4k|young-hand_ch-gladysiewski_silver|diffusion,young-hand_rotate,cinema_hall_4k,young-hand_ch-gladysiewski_silver,diffusion,./restore2/young-hand_rotate/cinema_hall_4k/young-hand_ch-gladysiewski_silver/cinema_hall_4k_059_restored.png,./his2/young-hand_rotate/cinema_hall_4k/young-hand_ch-gladysiewski_silver_gt.png,./restore2/young-hand_rotate/cinema_hall_4k/young-hand_ch-gladysiewski_silver/cinema_hall_4k_059_mask_restored.png,0.15884681046009064,0.4940912127494812,9.250418983591619,1853,73,110
young-hand_rotate|cinema_hall_4k|young-hand_ch-gladysiewski_silver|hist,young-hand_rotate,cinema_hall_4k,young-hand_ch-gladysiewski_silver,hist,./his2/young-hand_rotate/cinema_hall_4k/young-hand_ch-gladysiewski_silver_hist.png,./his2/young-hand_rotate/cinema_hall_4k/young-hand_ch-gladysiewski_silver_gt.png,./restore2/young-hand_rotate/cinema_hall_4k/young-hand_ch-gladysiewski_silver/cinema_hall_4k_059_mask_restored.png,0.1185583621263504,0.46827515959739685,6.472256833579037,1853,73,110
young-hand_rotate|cinema_hall_4k|young-hand_golden-ring-test_gold|composite,young-hand_rotate,cinema_hall_4k,young-hand_golden-ring-test_gold,composite,./his2/young-hand_rotate/cinema_hall_4k/young-hand_golden-ring-test_gold_composite.png,./his2/young-hand_rotate/cinema_hall_4k/young-hand_golden-ring-test_gold_gt.png,./restore2/young-hand_rotate/cinema_hall_4k/young-hand_golden-ring-test_gold/cinema_hall_4k_059_mask_restored.png,0.19108685851097107,0.17070476710796356,2.4790129690817424,2739,84,107
young-hand_rotate|cinema_hall_4k|young-hand_golden-ring-test_gold|diffusion,young-hand_rotate,cinema_hall_4k,young-hand_golden-ring-test_gold,diffusion,./restore2/young-hand_rotate/cinema_hall_4k/young-hand_golden-ring-test_gold/cinema_hall_4k_059_restored.png,./his2/young-hand_rotate/cinema_hall_4k/young-hand_golden-ring-test_gold_gt.png,./restore2/young-hand_rotate/cinema_hall_4k/young-hand_golden-ring-test_gold/cinema_hall_4k_059_mask_restored.png,0.18088361620903015,0.18456503748893738,7.02568877560057,2739,84,107
young-hand_rotate|cinema_hall_4k|young-hand_golden-ring-test_gold|hist,young-hand_rotate,cinema_hall_4k,young-hand_golden-ring-test_gold,hist,./his2/young-hand_rotate/cinema_hall_4k/young-hand_golden-ring-test_gold_hist.png,./his2/young-hand_rotate/cinema_hall_4k/young-hand_golden-ring-test_gold_gt.png,./restore2/young-hand_rotate/cinema_hall_4k/young-hand_golden-ring-test_gold/cinema_hall_4k_059_mask_restored.png,0.20627161860466003,0.2651814818382263,5.9297248063687205,2739,84,107
young-hand_rotate|cinema_hall_4k|young-hand_golden-ring-test_silver|composite,young-hand_rotate,cinema_hall_4k,young-hand_golden-ring-test_silver,composite,./his2/young-hand_rotate/cinema_hall_4k/young-hand_golden-ring-test_silver_composite.png,./his2/young-hand_rotate/cinema_hall_4k/young-hand_golden-ring-test_silver_gt.png,./restore2/young-hand_rotate/cinema_hall_4k/young-hand_golden-ring-test_silver/cinema_hall_4k_059_mask_restored.png,0.24891000986099243,0.1685626208782196,0.9574837549222809,2739,84,107
young-hand_rotate|cinema_hall_4k|young-hand_golden-ring-test_silver|diffusion,young-hand_rotate,cinema_hall_4k,young-hand_golden-ring-test_silver,diffusion,./restore2/young-hand_rotate/cinema_hall_4k/young-hand_golden-ring-test_silver/cinema_hall_4k_059_restored.png,./his2/young-hand_rotate/cinema_hall_4k/young-hand_golden-ring-test_silver_gt.png,./restore2/young-hand_rotate/cinema_hall_4k/young-hand_golden-ring-test_silver/cinema_hall_4k_059_mask_restored.png,0.21095284819602966,0.19193077087402344,6.850625956157231,2739,84,107
young-hand_rotate|cinema_hall_4k|young-hand_golden-ring-test_silver|hist,young-hand_rotate,cinema_hall_4k,young-hand_golden-ring-test_silver,hist,./his2/young-hand_rotate/cinema_hall_4k/young-hand_golden-ring-test_silver_hist.png,./his2/young-hand_rotate/cinema_hall_4k/young-hand_golden-ring-test_silver_gt.png,./restore2/young-hand_rotate/cinema_hall_4k/young-hand_golden-ring-test_silver/cinema_hall_4k_059_mask_restored.png,0.14804890751838684,0.24892783164978027,4.8647504661835885,2739,84,107
young-hand_rotate|cinema_hall_4k|young-hand_riccardoferrari-ring_gold|composite,young-hand_rotate,cinema_hall_4k,young-hand_riccardoferrari-ring_gold,composite,./his2/young-hand_rotate/cinema_hall_4k/young-hand_riccardoferrari-ring_gold_composite.png,./his2/young-hand_rotate/cinema_hall_4k/young-hand_riccardoferrari-ring_gold_gt.png,./restore2/young-hand_rotate/cinema_hall_4k/young-hand_riccardoferrari-ring_gold/cinema_hall_4k_059_mask_restored.png,0.22607456147670746,0.31529873609542847,3.8480726878348417,3254,96,107
young-hand_rotate|cinema_hall_4k|young-hand_riccardoferrari-ring_gold|diffusion,young-hand_rotate,cinema_hall_4k,young-hand_riccardoferrari-ring_gold,diffusion,./restore2/young-hand_rotate/cinema_hall_4k/young-hand_riccardoferrari-ring_gold/cinema_hall_4k_059_restored.png,./his2/young-hand_rotate/cinema_hall_4k/young-hand_riccardoferrari-ring_gold_gt.png,./restore2/young-hand_rotate/cinema_hall_4k/young-hand_riccardoferrari-ring_gold/cinema_hall_4k_059_mask_restored.png,0.14389599859714508,0.3801063001155853,9.653889606543345,3254,96,107
young-hand_rotate|cinema_hall_4k|young-hand_riccardoferrari-ring_gold|hist,young-hand_rotate,cinema_hall_4k,young-hand_riccardoferrari-ring_gold,hist,./his2/young-hand_rotate/cinema_hall_4k/young-hand_riccardoferrari-ring_gold_hist.png,./his2/young-hand_rotate/cinema_hall_4k/young-hand_riccardoferrari-ring_gold_gt.png,./restore2/young-hand_rotate/cinema_hall_4k/young-hand_riccardoferrari-ring_gold/cinema_hall_4k_059_mask_restored.png,0.19911278784275055,0.43104010820388794,6.375977315640617,3254,96,107
young-hand_rotate|cinema_hall_4k|young-hand_riccardoferrari-ring_silver|composite,young-hand_rotate,cinema_hall_4k,young-hand_riccardoferrari-ring_silver,composite,./his2/young-hand_rotate/cinema_hall_4k/young-hand_riccardoferrari-ring_silver_composite.png,./his2/young-hand_rotate/cinema_hall_4k/young-hand_riccardoferrari-ring_silver_gt.png,./restore2/young-hand_rotate/cinema_hall_4k/young-hand_riccardoferrari-ring_silver/cinema_hall_4k_059_mask_restored.png,0.20846080780029297,0.33792102336883545,2.036075358457729,3254,96,107
young-hand_rotate|cinema_hall_4k|young-hand_riccardoferrari-ring_silver|diffusion,young-hand_rotate,cinema_hall_4k,young-hand_riccardoferrari-ring_silver,diffusion,./restore2/young-hand_rotate/cinema_hall_4k/young-hand_riccardoferrari-ring_silver/cinema_hall_4k_059_restored.png,./his2/young-hand_rotate/cinema_hall_4k/young-hand_riccardoferrari-ring_silver_gt.png,./restore2/young-hand_rotate/cinema_hall_4k/young-hand_riccardoferrari-ring_silver/cinema_hall_4k_059_mask_restored.png,0.16034474968910217,0.4019671678543091,8.182834050418359,3254,96,107
young-hand_rotate|cinema_hall_4k|young-hand_riccardoferrari-ring_silver|hist,young-hand_rotate,cinema_hall_4k,young-hand_riccardoferrari-ring_silver,hist,./his2/young-hand_rotate/cinema_hall_4k/young-hand_riccardoferrari-ring_silver_hist.png,./his2/young-hand_rotate/cinema_hall_4k/young-hand_riccardoferrari-ring_silver_gt.png,./restore2/young-hand_rotate/cinema_hall_4k/young-hand_riccardoferrari-ring_silver/cinema_hall_4k_059_mask_restored.png,0.13987047970294952,0.45839425921440125,5.977180158787457,3254,96,107
young-hand_rotate|cinema_hall_4k|young-hand_silver-moon-ring_gold|composite,young-hand_rotate,cinema_hall_4k,young-hand_silver-moon-ring_gold,composite,./his2/young-hand_rotate/cinema_hall_4k/young-hand_silver-moon-ring_gold_composite.png,./his2/young-hand_rotate/cinema_hall_4k/young-hand_silver-moon-ring_gold_gt.png,./restore2/young-hand_rotate/cinema_hall_4k/young-hand_silver-moon-ring_gold/cinema_hall_4k_059_mask_restored.png,0.13408225774765015,0.24032065272331238,0.7830668447439391,1173,80,87
young-hand_rotate|cinema_hall_4k|young-hand_silver-moon-ring_gold|diffusion,young-hand_rotate,cinema_hall_4k,young-hand_silver-moon-ring_gold,diffusion,./restore2/young-hand_rotate/cinema_hall_4k/young-hand_silver-moon-ring_gold/cinema_hall_4k_059_restored.png,./his2/young-hand_rotate/cinema_hall_4k/young-hand_silver-moon-ring_gold_gt.png,./restore2/young-hand_rotate/cinema_hall_4k/young-hand_silver-moon-ring_gold/cinema_hall_4k_059_mask_restored.png,0.21288073062896729,0.2118252068758011,7.7057065437402406,1173,80,87
young-hand_rotate|cinema_hall_4k|young-hand_silver-moon-ring_gold|hist,young-hand_rotate,cinema_hall_4k,young-hand_silver-moon-ring_gold,hist,./his2/young-hand_rotate/cinema_hall_4k/young-hand_silver-moon-ring_gold_hist.png,./his2/young-hand_rotate/cinema_hall_4k/young-hand_silver-moon-ring_gold_gt.png,./restore2/young-hand_rotate/cinema_hall_4k/young-hand_silver-moon-ring_gold/cinema_hall_4k_059_mask_restored.png,0.2061040997505188,0.30345797538757324,2.7427111203679297,1173,80,87
young-hand_rotate|cinema_hall_4k|young-hand_silver-moon-ring_silver|composite,young-hand_rotate,cinema_hall_4k,young-hand_silver-moon-ring_silver,composite,./his2/young-hand_rotate/cinema_hall_4k/young-hand_silver-moon-ring_silver_composite.png,./his2/young-hand_rotate/cinema_hall_4k/young-hand_silver-moon-ring_silver_gt.png,./restore2/young-hand_rotate/cinema_hall_4k/young-hand_silver-moon-ring_silver/cinema_hall_4k_059_mask_restored.png,0.14964941143989563,0.25417283177375793,-0.037863540551323994,1173,80,87
young-hand_rotate|cinema_hall_4k|young-hand_silver-moon-ring_silver|diffusion,young-hand_rotate,cinema_hall_4k,young-hand_silver-moon-ring_silver,diffusion,./restore2/young-hand_rotate/cinema_hall_4k/young-hand_silver-moon-ring_silver/cinema_hall_4k_059_restored.png,./his2/young-hand_rotate/cinema_hall_4k/young-hand_silver-moon-ring_silver_gt.png,./restore2/young-hand_rotate/cinema_hall_4k/young-hand_silver-moon-ring_silver/cinema_hall_4k_059_mask_restored.png,0.20002387464046478,0.2186049520969391,7.4578116321399746,1173,80,87
young-hand_rotate|cinema_hall_4k|young-hand_silver-moon-ring_silver|hist,young-hand_rotate,cinema_hall_4k,young-hand_silver-moon-ring_silver,hist,./his2/young-hand_rotate/cinema_hall_4k/young-hand_silver-moon-ring_silver_hist.png,./his2/young-hand_rotate/cinema_hall_4k/young-hand_silver-moon-ring_silver_gt.png,./restore2/young-hand_rotate/cinema_hall_4k/young-hand_silver-moon-ring_silver/cinema_hall_4k_059_mask_restored.png,0.1684580147266388,0.2579170763492584,0.6793654919594401,1173,80,87
young-hand_rotate|indoor_pool_4k|young-hand_ch-gladysiewski_gold|composite,young-hand_rotate,indoor_pool_4k,young-hand_ch-gladysiewski_gold,composite,./his2/young-hand_rotate/indoor_pool_4k/young-hand_ch-gladysiewski_gold_composite.png,./his2/young-hand_rotate/indoor_pool_4k/young-hand_ch-gladysiewski_gold_gt.png,./restore2/young-hand_rotate/indoor_pool_4k/young-hand_ch-gladysiewski_gold/indoor_pool_4k_059_mask_restored.png,0.04024849086999893,0.8406026363372803,11.894753728019609,1853,73,110
young-hand_rotate|indoor_pool_4k|young-hand_ch-gladysiewski_gold|diffusion,young-hand_rotate,indoor_pool_4k,young-hand_ch-gladysiewski_gold,diffusion,./restore2/young-hand_rotate/indoor_pool_4k/young-hand_ch-gladysiewski_gold/indoor_pool_4k_059_restored.png,./his2/young-hand_rotate/indoor_pool_4k/young-hand_ch-gladysiewski_gold_gt.png,./restore2/young-hand_rotate/indoor_pool_4k/young-hand_ch-gladysiewski_gold/indoor_pool_4k_059_mask_restored.png,0.03153841942548752,0.7554976940155029,13.774237711432322,1853,73,110
young-hand_rotate|indoor_pool_4k|young-hand_ch-gladysiewski_gold|hist,young-hand_rotate,indoor_pool_4k,young-hand_ch-gladysiewski_gold,hist,./his2/young-hand_rotate/indoor_pool_4k/young-hand_ch-gladysiewski_gold_hist.png,./his2/young-hand_rotate/indoor_pool_4k/young-hand_ch-gladysiewski_gold_gt.png,./restore2/young-hand_rotate/indoor_pool_4k/young-hand_ch-gladysiewski_gold/indoor_pool_4k_059_mask_restored.png,0.055881619453430176,0.7759423851966858,12.028393265388067,1853,73,110
young-hand_rotate|indoor_pool_4k|young-hand_ch-gladysiewski_silver|composite,young-hand_rotate,indoor_pool_4k,young-hand_ch-gladysiewski_silver,composite,./his2/young-hand_rotate/indoor_pool_4k/young-hand_ch-gladysiewski_silver_composite.png,./his2/young-hand_rotate/indoor_pool_4k/young-hand_ch-gladysiewski_silver_gt.png,./restore2/young-hand_rotate/indoor_pool_4k/young-hand_ch-gladysiewski_silver/indoor_pool_4k_059_mask_restored.png,0.06022350490093231,0.8649411797523499,10.771166815097157,1853,73,110
young-hand_rotate|indoor_pool_4k|young-hand_ch-gladysiewski_silver|diffusion,young-hand_rotate,indoor_pool_4k,young-hand_ch-gladysiewski_silver,diffusion,./restore2/young-hand_rotate/indoor_pool_4k/young-hand_ch-gladysiewski_silver/indoor_pool_4k_059_restored.png,./his2/young-hand_rotate/indoor_pool_4k/young-hand_ch-gladysiewski_silver_gt.png,./restore2/young-hand_rotate/indoor_pool_4k/young-hand_ch-gladysiewski_silver/indoor_pool_4k_059_mask_restored.png,0.04033031314611435,0.831222653388977,13.770297726299267,1853,73,110
young-hand_rotate|indoor_pool_4k|young-hand_ch-gladysiewski_silver|hist,young-hand_rotate,indoor_pool_4k,young-hand_ch-gladysiewski_silver,hist,./his2/young-hand_rotate/indoor_pool_4k/young-hand_ch-gladysiewski_silver_hist.png,./his2/young-hand_rotate/indoor_pool_4k/young-hand_ch-gladysiewski_silver_gt.png,./restore2/young-hand_rotate/indoor_pool_4k/young-hand_ch-gladysiewski_silver/indoor_pool_4k_059_mask_restored.png,0.09100817143917084,0.7920842170715332,11.313204076411845,1853,73,110
young-hand_rotate|indoor_pool_4k|young-hand_golden-ring-test_gold|composite,young-hand_rotate,indoor_pool_4k,young-hand_golden-ring-test_gold,composite,./his2/young-hand_rotate/indoor_pool_4k/young-hand_golden-ring-test_gold_composite.png,./his2/young-hand_rotate/indoor_pool_4k/young-hand_golden-ring-test_gold_gt.png,./restore2/young-hand_rotate/indoor_pool_4k/young-hand_golden-ring-test_gold/indoor_pool_4k_059_mask_restored.png,0.037345413118600845,0.7989726662635803,11.442884614916071,2739,84,107
young-hand_rotate|indoor_pool_4k|young-hand_golden-ring-test_gold|diffusion,young-hand_rotate,indoor_pool_4k,young-hand_golden-ring-test_gold,diffusion,./restore2/young-hand_rotate/indoor_pool_4k/young-hand_golden-ring-test_gold/indoor_pool_4k_059_restored.png,./his2/young-hand_rotate/indoor_pool_4k/young-hand_golden-ring-test_gold_gt.png,./restore2/young-hand_rotate/indoor_pool_4k/young-hand_golden-ring-test_gold/indoor_pool_4k_059_mask_restored.png,0.032961733639240265,0.697431206703186,13.077580212750687,2739,84,107
young-hand_rotate|indoor_pool_4k|young-hand_golden-ring-test_gold|hist,young-hand_rotate,indoor_pool_4k,young-hand_golden-ring-test_gold,hist,./his2/young-hand_rotate/indoor_pool_4k/young-hand_golden-ring-test_gold_hist.png,./his2/young-hand_rotate/indoor_pool_4k/young-hand_golden-ring-test_gold_gt.png,./restore2/young-hand_rotate/indoor_pool_4k/young-hand_golden-ring-test_gold/indoor_pool_4k_059_mask_restored.png,0.08498748391866684,0.6961348056793213,9.423710304872584,2739,84,107
young-hand_rotate|indoor_pool_4k|young-hand_golden-ring-test_silver|composite,young-hand_rotate,indoor_pool_4k,young-hand_golden-ring-test_silver,composite,./his2/young-hand_rotate/indoor_pool_4k/young-hand_golden-ring-test_silver_composite.png,./his2/young-hand_rotate/indoor_pool_4k/young-hand_golden-ring-test_silver_gt.png,./restore2/young-hand_rotate/indoor_pool_4k/young-hand_golden-ring-test_silver/indoor_pool_4k_059_mask_restored.png,0.0887630358338356,0.8184108138084412,9.858665799829529,2739,84,107
young-hand_rotate|indoor_pool_4k|young-hand_golden-ring-test_silver|diffusion,young-hand_rotate,indoor_pool_4k,young-hand_golden-ring-test_silver,diffusion,./restore2/young-hand_rotate/indoor_pool_4k/young-hand_golden-ring-test_silver/indoor_pool_4k_059_restored.png,./his2/young-hand_rotate/indoor_pool_4k/young-hand_golden-ring-test_silver_gt.png,./restore2/young-hand_rotate/indoor_pool_4k/young-hand_golden-ring-test_silver/indoor_pool_4k_059_mask_restored.png,0.03455960005521774,0.7514904141426086,13.047627569209082,2739,84,107
young-hand_rotate|indoor_pool_4k|young-hand_golden-ring-test_silver|hist,young-hand_rotate,indoor_pool_4k,young-hand_golden-ring-test_silver,hist,./his2/young-hand_rotate/indoor_pool_4k/young-hand_golden-ring-test_silver_hist.png,./his2/young-hand_rotate/indoor_pool_4k/young-hand_golden-ring-test_silver_gt.png,./restore2/young-hand_rotate/indoor_pool_4k/young-hand_golden-ring-test_silver/indoor_pool_4k_059_mask_restored.png,0.08450432866811752,0.6269127726554871,8.695881319326906,2739,84,107
young-hand_rotate|indoor_pool_4k|young-hand_riccardoferrari-ring_gold|composite,young-hand_rotate,indoor_pool_4k,young-hand_riccardoferrari-ring_gold,composite,./his2/young-hand_rotate/indoor_pool_4k/young-hand_riccardoferrari-ring_gold_composite.png,./his2/young-hand_rotate/indoor_pool_4k/young-hand_riccardoferrari-ring_gold_gt.png,./restore2/young-hand_rotate/indoor_pool_4k/young-hand_riccardoferrari-ring_gold/indoor_pool_4k_059_mask_restored.png,0.03766576200723648,0.7945942878723145,11.6271613372903,3254,96,107
young-hand_rotate|indoor_pool_4k|young-hand_riccardoferrari-ring_gold|diffusion,young-hand_rotate,indoor_pool_4k,young-hand_riccardoferrari-ring_gold,diffusion,./restore2/young-hand_rotate/indoor_pool_4k/young-hand_riccardoferrari-ring_gold/indoor_pool_4k_059_restored.png,./his2/young-hand_rotate/indoor_pool_4k/young-hand_riccardoferrari-ring_gold_gt.png,./restore2/young-hand_rotate/indoor_pool_4k/young-hand_riccardoferrari-ring_gold/indoor_pool_4k_059_mask_restored.png,0.047471724450588226,0.632936418056488,12.491378050299506,3254,96,107
young-hand_rotate|indoor_pool_4k|young-hand_riccardoferrari-ring_gold|hist,young-hand_rotate,indoor_pool_4k,young-hand_riccardoferrari-ring_gold,hist,./his2/young-hand_rotate/indoor_pool_4k/young-hand_riccardoferrari-ring_gold_hist.png,./his2/young-hand_rotate/indoor_pool_4k/young-hand_riccardoferrari-ring_gold_gt.png,./restore2/young-hand_rotate/indoor_pool_4k/young-hand_riccardoferrari-ring_gold/indoor_pool_4k_059_mask_restored.png,0.08235171437263489,0.7520832419395447,10.936191092426775,3254,96,107
young-hand_rotate|indoor_pool_4k|young-hand_riccardoferrari-ring_silver|composite,young-hand_rotate,indoor_pool_4k,young-hand_riccardoferrari-ring_silver,composite,./his2/young-hand_rotate/indoor_pool_4k/young-hand_riccardoferrari-ring_silver_composite.png,./his2/young-hand_rotate/indoor_pool_4k/young-hand_riccardoferrari-ring_silver_gt.png,./restore2/young-hand_rotate/indoor_pool_4k/young-hand_riccardoferrari-ring_silver/indoor_pool_4k_059_mask_restored.png,0.048806048929691315,0.8417571783065796,9.661980254252832,3254,96,107
young-hand_rotate|indoor_pool_4k|young-hand_riccardoferrari-ring_silver|diffusion,young-hand_rotate,indoor_pool_4k,young-hand_riccardoferrari-ring_silver,diffusion,./restore2/young-hand_rotate/indoor_pool_4k/young-hand_riccardoferrari-ring_silver/indoor_pool_4k_059_restored.png,./his2/young-hand_rotate/indoor_pool_4k/young-hand_riccardoferrari-ring_silver_gt.png,./restore2/young-hand_rotate/indoor_pool_4k/young-hand_riccardoferrari-ring_silver/indoor_pool_4k_059_mask_restored.png,0.03742564469575882,0.7518705129623413,11.843848695924526,3254,96,107
young-hand_rotate|indoor_pool_4k|young-hand_riccardoferrari-ring_silver|hist,young-hand_rotate,indoor_pool_4k,young-hand_riccardoferrari-ring_silver,hist,./his2/young-hand_rotate/indoor_pool_4k/young-hand_riccardoferrari-ring_silver_hist.png,./his2/young-hand_rotate/indoor_pool_4k/young-hand_riccardoferrari-ring_silver_gt.png,./restore2/young-hand_rotate/indoor_pool_4k/young-hand_riccardoferrari-ring_silver/indoor_pool_4k_059_mask_restored.png,0.05842109024524689,0.7543414235115051,10.549764151308219,3254,96,107
young-hand_rotate|indoor_pool_4k|young-hand_silver-moon-ring_gold|composite,young-hand_rotate,indoor_pool_4k,young-hand_silver-moon-ring_gold,composite,./his2/young-hand_rotate/indoor_pool_4k/young-hand_silver-moon-ring_gold_composite.png,./his2/young-hand_rotate/indoor_pool_4k/young-hand_silver-moon-ring_gold_gt.png,./restore2/young-hand_rotate/indoor_pool_4k/young-hand_silver-moon-ring_gold/indoor_pool_4k_059_mask_restored.png,0.03247307986021042,0.814048171043396,8.835188550264498,1173,80,87
young-hand_rotate|indoor_pool_4k|young-hand_silver-moon-ring_gold|diffusion,young-hand_rotate,indoor_pool_4k,young-hand_silver-moon-ring_gold,diffusion,./restore2/young-hand_rotate/indoor_pool_4k/young-hand_silver-moon-ring_gold/indoor_pool_4k_059_restored.png,./his2/young-hand_rotate/indoor_pool_4k/young-hand_silver-moon-ring_gold_gt.png,./restore2/young-hand_rotate/indoor_pool_4k/young-hand_silver-moon-ring_gold/indoor_pool_4k_059_mask_restored.png,0.030495332553982735,0.6533154845237732,10.985313227810236,1173,80,87
young-hand_rotate|indoor_pool_4k|young-hand_silver-moon-ring_gold|hist,young-hand_rotate,indoor_pool_4k,young-hand_silver-moon-ring_gold,hist,./his2/young-hand_rotate/indoor_pool_4k/young-hand_silver-moon-ring_gold_hist.png,./his2/young-hand_rotate/indoor_pool_4k/young-hand_silver-moon-ring_gold_gt.png,./restore2/young-hand_rotate/indoor_pool_4k/young-hand_silver-moon-ring_gold/indoor_pool_4k_059_mask_restored.png,0.07553580403327942,0.6836019158363342,9.342400826048756,1173,80,87
young-hand_rotate|indoor_pool_4k|young-hand_silver-moon-ring_silver|composite,young-hand_rotate,indoor_pool_4k,young-hand_silver-moon-ring_silver,composite,./his2/young-hand_rotate/indoor_pool_4k/young-hand_silver-moon-ring_silver_composite.png,./his2/young-hand_rotate/indoor_pool_4k/young-hand_silver-moon-ring_silver_gt.png,./restore2/young-hand_rotate/indoor_pool_4k/young-hand_silver-moon-ring_silver/indoor_pool_4k_059_mask_restored.png,0.059173498302698135,0.866018533706665,8.572785689531631,1173,80,87
young-hand_rotate|indoor_pool_4k|young-hand_silver-moon-ring_silver|diffusion,young-hand_rotate,indoor_pool_4k,young-hand_silver-moon-ring_silver,diffusion,./restore2/young-hand_rotate/indoor_pool_4k/young-hand_silver-moon-ring_silver/indoor_pool_4k_059_restored.png,./his2/young-hand_rotate/indoor_pool_4k/young-hand_silver-moon-ring_silver_gt.png,./restore2/young-hand_rotate/indoor_pool_4k/young-hand_silver-moon-ring_silver/indoor_pool_4k_059_mask_restored.png,0.02159242145717144,0.7620380520820618,12.322893001732835,1173,80,87
young-hand_rotate|indoor_pool_4k|young-hand_silver-moon-ring_silver|hist,young-hand_rotate,indoor_pool_4k,young-hand_silver-moon-ring_silver,hist,./his2/young-hand_rotate/indoor_pool_4k/young-hand_silver-moon-ring_silver_hist.png,./his2/young-hand_rotate/indoor_pool_4k/young-hand_silver-moon-ring_silver_gt.png,./restore2/young-hand_rotate/indoor_pool_4k/young-hand_silver-moon-ring_silver/indoor_pool_4k_059_mask_restored.png,0.0735851526260376,0.6941268444061279,7.405930256676864,1173,80,87
young-hand_rotate|industrial_pipe_and_valve_01_4k|young-hand_ch-gladysiewski_gold|composite,young-hand_rotate,industrial_pipe_and_valve_01_4k,young-hand_ch-gladysiewski_gold,composite,./his2/young-hand_rotate/industrial_pipe_and_valve_01_4k/young-hand_ch-gladysiewski_gold_composite.png,./his2/young-hand_rotate/industrial_pipe_and_valve_01_4k/young-hand_ch-gladysiewski_gold_gt.png,./restore2/young-hand_rotate/industrial_pipe_and_valve_01_4k/young-hand_ch-gladysiewski_gold/industrial_pipe_and_valve_01_4k_059_mask_restored.png,0.18218450248241425,0.2714155912399292,3.7071079438471215,1853,73,110
young-hand_rotate|industrial_pipe_and_valve_01_4k|young-hand_ch-gladysiewski_gold|diffusion,young-hand_rotate,industrial_pipe_and_valve_01_4k,young-hand_ch-gladysiewski_gold,diffusion,./restore2/young-hand_rotate/industrial_pipe_and_valve_01_4k/young-hand_ch-gladysiewski_gold/industrial_pipe_and_valve_01_4k_059_restored.png,./his2/young-hand_rotate/industrial_pipe_and_valve_01_4k/young-hand_ch-gladysiewski_gold_gt.png,./restore2/young-hand_rotate/industrial_pipe_and_valve_01_4k/young-hand_ch-gladysiewski_gold/industrial_pipe_and_valve_01_4k_059_mask_restored.png,0.15973390638828278,0.4066168963909149,8.236495961891324,1853,73,110
young-hand_rotate|industrial_pipe_and_valve_01_4k|young-hand_ch-gladysiewski_gold|hist,young-hand_rotate,industrial_pipe_and_valve_01_4k,young-hand_ch-gladysiewski_gold,hist,./his2/young-hand_rotate/industrial_pipe_and_valve_01_4k/young-hand_ch-gladysiewski_gold_hist.png,./his2/young-hand_rotate/industrial_pipe_and_valve_01_4k/young-hand_ch-gladysiewski_gold_gt.png,./restore2/young-hand_rotate/industrial_pipe_and_valve_01_4k/young-hand_ch-gladysiewski_gold/industrial_pipe_and_valve_01_4k_059_mask_restored.png,0.18882443010807037,0.29107290506362915,4.810934988211152,1853,73,110
young-hand_rotate|industrial_pipe_and_valve_01_4k|young-hand_ch-gladysiewski_silver|composite,young-hand_rotate,industrial_pipe_and_valve_01_4k,young-hand_ch-gladysiewski_silver,composite,./his2/young-hand_rotate/industrial_pipe_and_valve_01_4k/young-hand_ch-gladysiewski_silver_composite.png,./his2/young-hand_rotate/industrial_pipe_and_valve_01_4k/young-hand_ch-gladysiewski_silver_gt.png,./restore2/young-hand_rotate/industrial_pipe_and_valve_01_4k/young-hand_ch-gladysiewski_silver/industrial_pipe_and_valve_01_4k_059_mask_restored.png,0.17955487966537476,0.2892453968524933,2.7177971138443184,1853,73,110
young-hand_rotate|industrial_pipe_and_valve_01_4k|young-hand_ch-gladysiewski_silver|diffusion,young-hand_rotate,industrial_pipe_and_valve_01_4k,young-hand_ch-gladysiewski_silver,diffusion,./restore2/young-hand_rotate/industrial_pipe_and_valve_01_4k/young-hand_ch-gladysiewski_silver/industrial_pipe_and_valve_01_4k_059_restored.png,./his2/young-hand_rotate/industrial_pipe_and_valve_01_4k/young-hand_ch-gladysiewski_silver_gt.png,./restore2/young-hand_rotate/industrial_pipe_and_valve_01_4k/young-hand_ch-gladysiewski_silver/industrial_pipe_and_valve_01_4k_059_mask_restored.png,0.1756163388490677,0.4089716076850891,8.037836752083429,1853,73,110
young-hand_rotate|industrial_pipe_and_valve_01_4k|young-hand_ch-gladysiewski_silver|hist,young-hand_rotate,industrial_pipe_and_valve_01_4k,young-hand_ch-gladysiewski_silver,hist,./his2/young-hand_rotate/industrial_pipe_and_valve_01_4k/young-hand_ch-gladysiewski_silver_hist.png,./his2/young-hand_rotate/industrial_pipe_and_valve_01_4k/young-hand_ch-gladysiewski_silver_gt.png,./restore2/young-hand_rotate/industrial_pipe_and_valve_01_4k/young-hand_ch-gladysiewski_silver/industrial_pipe_and_valve_01_4k_059_mask_restored.png,0.19087350368499756,0.34827879071235657,4.974526398959874,1853,73,110
young-hand_rotate|industrial_pipe_and_valve_01_4k|young-hand_golden-ring-test_gold|composite,young-hand_rotate,industrial_pipe_and_valve_01_4k,young-hand_golden-ring-test_gold,composite,./his2/young-hand_rotate/industrial_pipe_and_valve_01_4k/young-hand_golden-ring-test_gold_composite.png,./his2/young-hand_rotate/industrial_pipe_and_valve_01_4k/young-hand_golden-ring-test_gold_gt.png,./restore2/young-hand_rotate/industrial_pipe_and_valve_01_4k/young-hand_golden-ring-test_gold/industrial_pipe_and_valve_01_4k_059_mask_restored.png,0.20346014201641083,0.16285167634487152,2.500120550827515,2739,84,107
young-hand_rotate|industrial_pipe_and_valve_01_4k|young-hand_golden-ring-test_gold|diffusion,young-hand_rotate,industrial_pipe_and_valve_01_4k,young-hand_golden-ring-test_gold,diffusion,./restore2/young-hand_rotate/industrial_pipe_and_valve_01_4k/young-hand_golden-ring-test_gold/industrial_pipe_and_valve_01_4k_059_restored.png,./his2/young-hand_rotate/industrial_pipe_and_valve_01_4k/young-hand_golden-ring-test_gold_gt.png,./restore2/young-hand_rotate/industrial_pipe_and_valve_01_4k/young-hand_golden-ring-test_gold/industrial_pipe_and_valve_01_4k_059_mask_restored.png,0.27669504284858704,0.1667025089263916,8.780568637677707,2739,84,107
young-hand_rotate|industrial_pipe_and_valve_01_4k|young-hand_golden-ring-test_gold|hist,young-hand_rotate,industrial_pipe_and_valve_01_4k,young-hand_golden-ring-test_gold,hist,./his2/young-hand_rotate/industrial_pipe_and_valve_01_4k/young-hand_golden-ring-test_gold_hist.png,./his2/young-hand_rotate/industrial_pipe_and_valve_01_4k/young-hand_golden-ring-test_gold_gt.png,./restore2/young-hand_rotate/industrial_pipe_and_valve_01_4k/young-hand_golden-ring-test_gold/industrial_pipe_and_valve_01_4k_059_mask_restored.png,0.24591001868247986,0.20406678318977356,5.36019430624195,2739,84,107
young-hand_rotate|industrial_pipe_and_valve_01_4k|young-hand_golden-ring-test_silver|composite,young-hand_rotate,industrial_pipe_and_valve_01_4k,young-hand_golden-ring-test_silver,composite,./his2/young-hand_rotate/industrial_pipe_and_valve_01_4k/young-hand_golden-ring-test_silver_composite.png,./his2/young-hand_rotate/industrial_pipe_and_valve_01_4k/young-hand_golden-ring-test_silver_gt.png,./restore2/young-hand_rotate/industrial_pipe_and_valve_01_4k/young-hand_golden-ring-test_silver/industrial_pipe_and_valve_01_4k_059_mask_restored.png,0.23517683148384094,0.16981324553489685,1.29060434665039,2739,84,107
young-hand_rotate|industrial_pipe_and_valve_01_4k|young-hand_golden-ring-test_silver|diffusion,young-hand_rotate,industrial_pipe_and_valve_01_4k,young-hand_golden-ring-test_silver,diffusion,./restore2/young-hand_rotate/industrial_pipe_and_valve_01_4k/young-hand_golden-ring-test_silver/industrial_pipe_and_valve_01_4k_059_restored.png,./his2/young-hand_rotate/industrial_pipe_and_valve_01_4k/young-hand_golden-ring-test_silver_gt.png,./restore2/young-hand_rotate/industrial_pipe_and_valve_01_4k/young-hand_golden-ring-test_silver/industrial_pipe_and_valve_01_4k_059_mask_restored.png,0.2794684171676636,0.17333468794822693,8.020127582520505,2739,84,107
young-hand_rotate|industrial_pipe_and_valve_01_4k|young-hand_golden-ring-test_silver|hist,young-hand_rotate,industrial_pipe_and_valve_01_4k,young-hand_golden-ring-test_silver,hist,./his2/young-hand_rotate/industrial_pipe_and_valve_01_4k/young-hand_golden-ring-test_silver_hist.png,./his2/young-hand_rotate/industrial_pipe_and_valve_01_4k/young-hand_golden-ring-test_silver_gt.png,./restore2/young-hand_rotate/industrial_pipe_and_valve_01_4k/young-hand_golden-ring-test_silver/industrial_pipe_and_valve_01_4k_059_mask_restored.png,0.21978551149368286,0.22339290380477905,4.946282371892834,2739,84,107
young-hand_rotate|industrial_pipe_and_valve_01_4k|young-hand_riccardoferrari-ring_gold|composite,young-hand_rotate,industrial_pipe_and_valve_01_4k,young-hand_riccardoferrari-ring_gold,composite,./his2/young-hand_rotate/industrial_pipe_and_valve_01_4k/young-hand_riccardoferrari-ring_gold_composite.png,./his2/young-hand_rotate/industrial_pipe_and_valve_01_4k/young-hand_riccardoferrari-ring_gold_gt.png,./restore2/young-hand_rotate/industrial_pipe_and_valve_01_4k/young-hand_riccardoferrari-ring_gold/industrial_pipe_and_valve_01_4k_059_mask_restored.png,0.255379855632782,0.2809613347053528,3.8842439649310707,3254,96,107
young-hand_rotate|industrial_pipe_and_valve_01_4k|young-hand_riccardoferrari-ring_gold|diffusion,young-hand_rotate,industrial_pipe_and_valve_01_4k,young-hand_riccardoferrari-ring_gold,diffusion,./restore2/young-hand_rotate/industrial_pipe_and_valve_01_4k/young-hand_riccardoferrari-ring_gold/industrial_pipe_and_valve_01_4k_059_restored.png,./his2/young-hand_rotate/industrial_pipe_and_valve_01_4k/young-hand_riccardoferrari-ring_gold_gt.png,./restore2/young-hand_rotate/industrial_pipe_and_valve_01_4k/young-hand_riccardoferrari-ring_gold/industrial_pipe_and_valve_01_4k_059_mask_restored.png,0.253526508808136,0.29559388756752014,8.879534623713072,3254,96,107
young-hand_rotate|industrial_pipe_and_valve_01_4k|young-hand_riccardoferrari-ring_gold|hist,young-hand_rotate,industrial_pipe_and_valve_01_4k,young-hand_riccardoferrari-ring_gold,hist,./his2/young-hand_rotate/industrial_pipe_and_valve_01_4k/young-hand_riccardoferrari-ring_gold_hist.png,./his2/young-hand_rotate/industrial_pipe_and_valve_01_4k/young-hand_riccardoferrari-ring_gold_gt.png,./restore2/young-hand_rotate/industrial_pipe_and_valve_01_4k/young-hand_riccardoferrari-ring_gold/industrial_pipe_and_valve_01_4k_059_mask_restored.png,0.2001456469297409,0.3728834092617035,6.590341123092468,3254,96,107
young-hand_rotate|industrial_pipe_and_valve_01_4k|young-hand_riccardoferrari-ring_silver|composite,young-hand_rotate,industrial_pipe_and_valve_01_4k,young-hand_riccardoferrari-ring_silver,composite,./his2/young-hand_rotate/industrial_pipe_and_valve_01_4k/young-hand_riccardoferrari-ring_silver_composite.png,./his2/young-hand_rotate/industrial_pipe_and_valve_01_4k/young-hand_riccardoferrari-ring_silver_gt.png,./restore2/young-hand_rotate/industrial_pipe_and_valve_01_4k/young-hand_riccardoferrari-ring_silver/industrial_pipe_and_valve_01_4k_059_mask_restored.png,0.21591152250766754,0.3157718777656555,2.345951327027338,3254,96,107
young-hand_rotate|industrial_pipe_and_valve_01_4k|young-hand_riccardoferrari-ring_silver|diffusion,young-hand_rotate,industrial_pipe_and_valve_01_4k,young-hand_riccardoferrari-ring_silver,diffusion,./restore2/young-hand_rotate/industrial_pipe_and_valve_01_4k/young-hand_riccardoferrari-ring_silver/industrial_pipe_and_valve_01_4k_059_restored.png,./his2/young-hand_rotate/industrial_pipe_and_valve_01_4k/young-hand_riccardoferrari-ring_silver_gt.png,./restore2/young-hand_rotate/industrial_pipe_and_valve_01_4k/young-hand_riccardoferrari-ring_silver/industrial_pipe_and_valve_01_4k_059_mask_restored.png,0.2130700647830963,0.31193721294403076,7.990667253628701,3254,96,107
young-hand_rotate|industrial_pipe_and_valve_01_4k|young-hand_riccardoferrari-ring_silver|hist,young-hand_rotate,industrial_pipe_and_valve_01_4k,young-hand_riccardoferrari-ring_silver,hist,./his2/young-hand_rotate/industrial_pipe_and_valve_01_4k/young-hand_riccardoferrari-ring_silver_hist.png,./his2/young-hand_rotate/industrial_pipe_and_valve_01_4k/young-hand_riccardoferrari-ring_silver_gt.png,./restore2/young-hand_rotate/industrial_pipe_and_valve_01_4k/young-hand_riccardoferrari-ring_silver/industrial_pipe_and_valve_01_4k_059_mask_restored.png,0.16813775897026062,0.4061860144138336,6.073318263929738,3254,96,107
young-hand_rotate|industrial_pipe_and_valve_01_4k|young-hand_silver-moon-ring_gold|composite,young-hand_rotate,industrial_pipe_and_valve_01_4k,young-hand_silver-moon-ring_gold,composite,./his2/young-hand_rotate/industrial_pipe_and_valve_01_4k/young-hand_silver-moon-ring_gold_composite.png,./his2/young-hand_rotate/industrial_pipe_and_valve_01_4k/young-hand_silver-moon-ring_gold_gt.png,./restore2/young-hand_rotate/industrial_pipe_and_valve_01_4k/young-hand_silver-moon-ring_gold/industrial_pipe_and_valve_01_4k_059_mask_restored.png,0.039800167083740234,0.6100956797599792,6.608880754889491,1173,80,87
young-hand_rotate|industrial_pipe_and_valve_01_4k|young-hand_silver-moon-ring_gold|diffusion,young-hand_rotate,industrial_pipe_and_valve_01_4k,young-hand_silver-moon-ring_gold,diffusion,./restore2/young-hand_rotate/industrial_pipe_and_valve_01_4k/young-hand_silver-moon-ring_gold/industrial_pipe_and_valve_01_4k_059_restored.png,./his2/young-hand_rotate/industrial_pipe_and_valve_01_4k/young-hand_silver-moon-ring_gold_gt.png,./restore2/young-hand_rotate/industrial_pipe_and_valve_01_4k/young-hand_silver-moon-ring_gold/industrial_pipe_and_valve_01_4k_059_mask_restored.png,0.277890682220459,-0.009177334606647491,0.8535981820482614,1173,80,87
young-hand_rotate|industrial_pipe_and_valve_01_4k|young-hand_silver-moon-ring_gold|hist,young-hand_rotate,industrial_pipe_and_valve_01_4k,young-hand_silver-moon-ring_gold,hist,./his2/young-hand_rotate/industrial_pipe_and_valve_01_4k/young-hand_silver-moon-ring_gold_hist.png,./his2/young-hand_rotate/industrial_pipe_and_valve_01_4k/young-hand_silver-moon-ring_gold_gt.png,./restore2/young-hand_rotate/industrial_pipe_and_valve_01_4k/young-hand_silver-moon-ring_gold/industrial_pipe_and_valve_01_4k_059_mask_restored.png,0.06088780239224434,0.6768075823783875,9.636269706684658,1173,80,87
young-hand_rotate|industrial_pipe_and_valve_01_4k|young-hand_silver-moon-ring_silver|composite,young-hand_rotate,industrial_pipe_and_valve_01_4k,young-hand_silver-moon-ring_silver,composite,./his2/young-hand_rotate/industrial_pipe_and_valve_01_4k/young-hand_silver-moon-ring_silver_composite.png,./his2/young-hand_rotate/industrial_pipe_and_valve_01_4k/young-hand_silver-moon-ring_silver_gt.png,./restore2/young-hand_rotate/industrial_pipe_and_valve_01_4k/young-hand_silver-moon-ring_silver/industrial_pipe_and_valve_01_4k_059_mask_restored.png,0.04064096510410309,0.6167208552360535,5.922931269181239,1173,80,87
young-hand_rotate|industrial_pipe_and_valve_01_4k|young-hand_silver-moon-ring_silver|diffusion,young-hand_rotate,industrial_pipe_and_valve_01_4k,young-hand_silver-moon-ring_silver,diffusion,./restore2/young-hand_rotate/industrial_pipe_and_valve_01_4k/young-hand_silver-moon-ring_silver/industrial_pipe_and_valve_01_4k_059_restored.png,./his2/young-hand_rotate/industrial_pipe_and_valve_01_4k/young-hand_silver-moon-ring_silver_gt.png,./restore2/young-hand_rotate/industrial_pipe_and_valve_01_4k/young-hand_silver-moon-ring_silver/industrial_pipe_and_valve_01_4k_059_mask_restored.png,0.31318268179893494,-0.06349699944257736,-0.15228412334973157,1173,80,87
young-hand_rotate|industrial_pipe_and_valve_01_4k|young-hand_silver-moon-ring_silver|hist,young-hand_rotate,industrial_pipe_and_valve_01_4k,young-hand_silver-moon-ring_silver,hist,./his2/young-hand_rotate/industrial_pipe_and_valve_01_4k/young-hand_silver-moon-ring_silver_hist.png,./his2/young-hand_rotate/industrial_pipe_and_valve_01_4k/young-hand_silver-moon-ring_silver_gt.png,./restore2/young-hand_rotate/industrial_pipe_and_valve_01_4k/young-hand_silver-moon-ring_silver/industrial_pipe_and_valve_01_4k_059_mask_restored.png,0.045254405587911606,0.6647818684577942,8.410940816342318,1173,80,87
